﻿<?xml version="1.0" encoding="utf-8"?>
<managementsuite core="GEODE" exported-utc="5/20/2009 6:17:41 PM">
  <query>
    <name value="Battery Report" />
    <where value="&quot;Computer&quot;.&quot;Battery&quot;.&quot;Internal Battery&quot;.&quot;DeviceID&quot;  Exists  OR  &quot;Computer&quot;.&quot;Battery&quot;.&quot;Portable Battery&quot;.&quot;Name&quot;  Exists" />
    <field value="&quot;Computer&quot;.&quot;Display Name&quot;" header="Device name" />
    <field value="&quot;Computer&quot;.&quot;Type&quot;" header="Type" />
    <field value="&quot;Computer&quot;.&quot;Battery&quot;.&quot;Internal Battery&quot;.&quot;DeviceID&quot;" header="DeviceID" />
    <field value="&quot;Computer&quot;.&quot;Battery&quot;.&quot;Internal Battery&quot;.&quot;Name&quot;" header="Name" />
    <field value="&quot;Computer&quot;.&quot;Battery&quot;.&quot;Internal Battery&quot;.&quot;Status&quot;" header="Status" />
    <field value="&quot;Computer&quot;.&quot;Battery&quot;.&quot;Internal Battery&quot;.&quot;Chemistry&quot;" header="Chemistry" />
    <field value="&quot;Computer&quot;.&quot;Battery&quot;.&quot;Portable Battery&quot;.&quot;DeviceID&quot;" header="DeviceID" />
    <field value="&quot;Computer&quot;.&quot;Battery&quot;.&quot;Portable Battery&quot;.&quot;Name&quot;" header="Name" />
    <field value="&quot;Computer&quot;.&quot;Battery&quot;.&quot;Portable Battery&quot;.&quot;Chemistry&quot;" header="Chemistry" />
    <field value="&quot;Computer&quot;.&quot;Battery&quot;.&quot;Portable Battery&quot;.&quot;Manufacturer&quot;" header="Manufacturer" />
    <field value="&quot;Computer&quot;.&quot;Battery&quot;.&quot;Portable Battery&quot;.&quot;Location&quot;" header="Location" />
    <sort value="&quot;Computer&quot;.&quot;Display Name&quot;" />
    <qualifier value="" />
    <qualifier value="" />
    <qualifier value="" />
    <qualifier value="" />
    <qualifier value="" />
    <qualifier value="" />
    <qualifier value="" />
    <qualifier value="" />
    <qualifier value="" />
    <qualifier value="" />
    <qualifier value="" />
  </query>
</managementsuite>