﻿<?xml version="1.0" encoding="utf-8"?>
<managementsuite core="GEODE" exported-utc="7/5/2009 4:16:41 PM">
  <query>
    <name value="battery report" />
    <where value="&quot;Computer&quot;.&quot;System&quot;.&quot;Has Battery&quot;  =  &quot;Yes&quot;      OR      &quot;Computer&quot;.&quot;Battery&quot;.&quot;Voltage (mV)&quot;  Exists" />
    <field value="&quot;Computer&quot;.&quot;Display Name&quot;" header="Device name" />
    <field value="&quot;Computer&quot;.&quot;Type&quot;" header="Type" />
    <field value="&quot;Computer&quot;.&quot;Battery&quot;.&quot;Device Name&quot;" header="Device Name" />
    <field value="&quot;Computer&quot;.&quot;Battery&quot;.&quot;Manufacturer&quot;" header="Manufacturer" />
    <field value="&quot;Computer&quot;.&quot;Battery&quot;.&quot;Location&quot;" header="Location" />
    <field value="&quot;Computer&quot;.&quot;Battery&quot;.&quot;Condition&quot;" header="Condition" />
    <field value="&quot;Computer&quot;.&quot;Battery&quot;.&quot;Chemistry&quot;" header="Chemistry" />
    <sort value="&quot;Computer&quot;.&quot;Display Name&quot;" />
    <qualifier value="" />
    <qualifier value="" />
    <qualifier value="" />
    <qualifier value="" />
    <qualifier value="" />
    <qualifier value="" />
    <qualifier value="" />
  </query>
</managementsuite>