﻿<?xml version="1.0" encoding="utf-8"?>
<managementsuite core="GEODE" exported-utc="3/29/2009 12:45:38 AM">
  <query>
    <name value="Desktop web servers" />
    <where value="&quot;Computer&quot;.&quot;Netstat&quot;.&quot;Open Port&quot;.&quot;TCP&quot;.&quot;80&quot;  =  &quot;TCP/80&quot;    AND    &quot;Computer&quot;.&quot;Type&quot;  Like  &quot;%Workstation%&quot;" />
    <field value="&quot;Computer&quot;.&quot;Display Name&quot;" header="Device name" />
    <field value="&quot;Computer&quot;.&quot;Type&quot;" header="Type" />
    <field value="&quot;Computer&quot;.&quot;Last Updated by Inventory Server&quot;" header="Last Updated by Inventory Server" />
    <field value="&quot;Computer&quot;.&quot;Primary Owner&quot;" header="Primary Owner" />
    <field value="&quot;Computer&quot;.&quot;Network&quot;.&quot;TCPIP&quot;.&quot;Address&quot;" header="Address" />
    <sort value="&quot;Computer&quot;.&quot;Display Name&quot;" />
    <qualifier value="" />
    <qualifier value="" />
    <qualifier value="" />
    <qualifier value="" />
    <qualifier value="" />
  </query>
</managementsuite>