﻿<?xml version="1.0" encoding="utf-8"?>
<managementsuite core="GEODE" exported-utc="5/20/2009 6:13:49 PM">
  <query>
    <name value="Disk Defrag needed" />
    <where value="&quot;Computer&quot;.&quot;Mass Storage&quot;.&quot;Logical Drive&quot;.&quot;C&quot;.&quot;Recommendation&quot;  =  &quot;You should defragment this volume.&quot;" />
    <field value="&quot;Computer&quot;.&quot;Display Name&quot;" header="Device name" />
    <field value="&quot;Computer&quot;.&quot;Type&quot;" header="Type" />
    <field value="&quot;Computer&quot;.&quot;Mass Storage&quot;.&quot;Logical Drive&quot;.&quot;C&quot;.&quot;Fragmentation&quot;" header="Fragmentation" />
    <field value="&quot;Computer&quot;.&quot;Mass Storage&quot;.&quot;Logical Drive&quot;.&quot;C&quot;.&quot;Recommendation&quot;" header="Recommendation" />
    <sort value="&quot;Computer&quot;.&quot;Display Name&quot;" />
    <qualifier value="" />
    <qualifier value="" />
    <qualifier value="" />
    <qualifier value="" />
  </query>
</managementsuite>