﻿<?xml version="1.0" encoding="utf-8"?>
<managementsuite core="GEODE" exported-utc="7/5/2009 4:21:19 PM">
  <query>
    <name value="email disk space" />
    <where value="&quot;Computer&quot;.&quot;Custom Data&quot;.&quot;Email&quot;.&quot;Total Disk Size&quot;  Exists  AND  &quot;Computer&quot;.&quot;Custom Data&quot;.&quot;Email&quot;.&quot;Total Disk Size&quot;  &lt;&gt;  &quot;0&quot;" />
    <field value="&quot;Computer&quot;.&quot;Display Name&quot;" header="Device name" />
    <field value="&quot;Computer&quot;.&quot;Type&quot;" header="Type" />
    <field value="&quot;Computer&quot;.&quot;Custom Data&quot;.&quot;Email&quot;.&quot;PST Files&quot;.&quot;Total Disk Size&quot;" header="Total Disk Size" />
    <field value="&quot;Computer&quot;.&quot;Custom Data&quot;.&quot;Email&quot;.&quot;PST Files&quot;.&quot;Number of PST Files&quot;" header="Number of PST Files" />
    <field value="&quot;Computer&quot;.&quot;Custom Data&quot;.&quot;Email&quot;.&quot;OST Files&quot;.&quot;Number of Files&quot;" header="Number of Files" />
    <field value="&quot;Computer&quot;.&quot;Custom Data&quot;.&quot;Email&quot;.&quot;OST Files&quot;.&quot;Total Disk Size&quot;" header="Total Disk Size" />
    <field value="&quot;Computer&quot;.&quot;Custom Data&quot;.&quot;Email&quot;.&quot;Total Disk Size&quot;" header="Total Disk Size" />
    <field value="&quot;Computer&quot;.&quot;Custom Data&quot;.&quot;Email&quot;.&quot;Total Number of Files&quot;" header="Total Number of Files" />
    <sort value="&quot;Computer&quot;.&quot;Display Name&quot;" />
    <qualifier value="" />
    <qualifier value="" />
    <qualifier value="" />
    <qualifier value="" />
    <qualifier value="" />
    <qualifier value="" />
    <qualifier value="" />
    <qualifier value="" />
  </query>
</managementsuite>