﻿<?xml version="1.0" encoding="utf-8"?>
<managementsuite core="GEODE" exported-utc="7/5/2009 5:13:29 AM">
  <query>
    <name value="Needs Defragmenting" />
    <where value="&quot;Computer&quot;.&quot;Mass Storage&quot;.&quot;Logical Drive&quot;.&quot;Recommendation&quot;  =  &quot;You should defragment this volume.&quot;" />
    <field value="&quot;Computer&quot;.&quot;Device Name&quot;" header="Device Name" />
    <field value="&quot;Computer&quot;.&quot;Type&quot;" header="Type" />
    <field value="&quot;Computer&quot;.&quot;OS&quot;.&quot;Name&quot;" header="OS Name" />
    <field value="&quot;Computer&quot;.&quot;Mass Storage&quot;.&quot;Logical Drive&quot;.&quot;Fragmentation&quot;" header="Fragmentation" />
    <field value="&quot;Computer&quot;.&quot;Mass Storage&quot;.&quot;Logical Drive&quot;.&quot;Available Storage&quot;" header="Available Storage" />
    <field value="&quot;Computer&quot;.&quot;Mass Storage&quot;.&quot;Logical Drive&quot;.&quot;Total Storage&quot;" header="Total Storage" />
    <field value="&quot;Computer&quot;.&quot;Mass Storage&quot;.&quot;Logical Drive&quot;.&quot;Drive Letter&quot;" header="Drive Letter" />
    <sort value="&quot;Computer&quot;.&quot;Device Name&quot;" />
    <qualifier value="" />
    <qualifier value="" />
    <qualifier value="" />
    <qualifier value="" />
    <qualifier value="" />
    <qualifier value="" />
    <qualifier value="" />
  </query>
</managementsuite>
