﻿<?xml version="1.0" encoding="utf-8"?>
<managementsuite core="GEODE" exported-utc="3/29/2009 12:46:26 AM">
  <query>
    <name value="Product Key" />
    <where value="&quot;Computer&quot;.&quot;Licenses&quot;.&quot;Microsoft Office Standard Edition 2003&quot;.&quot;product_key&quot;  &lt;&gt;  &quot;MY_KEY&quot;  AND  &quot;Computer&quot;.&quot;Licenses&quot;.&quot;Microsoft Office Standard Edition 2003&quot;.&quot;installation_folder&quot;  Exists" />
    <field value="&quot;Computer&quot;.&quot;Display Name&quot;" header="Device name" />
    <field value="&quot;Computer&quot;.&quot;Type&quot;" header="Type" />
    <field value="&quot;Computer&quot;.&quot;OS&quot;.&quot;Name&quot;" header="OS Name" />
    <sort value="&quot;Computer&quot;.&quot;Display Name&quot;" />
    <qualifier value="" />
    <qualifier value="" />
    <qualifier value="" />
  </query>
</managementsuite>
