﻿<?xml version="1.0" encoding="utf-8"?>
<managementsuite core="GEODE" exported-utc="3/29/2009 12:45:53 AM">
  <query>
    <name value="Email Disk space" />
    <where value="&quot;Computer&quot;.&quot;Email&quot;.&quot;PST Files&quot;.&quot;Total Disk Size&quot;  Exists" />
    <field value="&quot;Computer&quot;.&quot;Display Name&quot;" header="Device name" />
    <field value="&quot;Computer&quot;.&quot;Type&quot;" header="Type" />
    <field value="&quot;Computer&quot;.&quot;Primary Owner&quot;" header="Primary Owner" />
    <field value="&quot;Computer&quot;.&quot;Email&quot;.&quot;PST Files&quot;.&quot;Total Disk Size&quot;" header="Total Disk Size" />
    <sort value="&quot;Computer&quot;.&quot;Display Name&quot;" />
    <qualifier value="" />
    <qualifier value="" />
    <qualifier value="" />
    <qualifier value="" />
  </query>
</managementsuite>