﻿<?xml version="1.0" encoding="utf-8"?>
<managementsuite core="GEODE" exported-utc="3/29/2009 12:48:45 AM">
  <query>
    <name value="Keyboard Speed" />
    <where value="&quot;Computer&quot;.&quot;Custom Data&quot;.&quot;HKCU&quot;.&quot;HKEY_CURRENT_USER/Control Panel/Keyboard&quot;.&quot;KeyboardSpeed&quot;  Exists" />
    <field value="&quot;Computer&quot;.&quot;Display Name&quot;" header="Device name" />
    <field value="&quot;Computer&quot;.&quot;Type&quot;" header="Type" />
    <field value="&quot;Computer&quot;.&quot;Custom Data&quot;.&quot;HKCU&quot;.&quot;HKEY_CURRENT_USER/Control Panel/Keyboard&quot;.&quot;KeyboardSpeed&quot;" header="KeyboardSpeed" />
    <sort value="&quot;Computer&quot;.&quot;Display Name&quot;" />
    <qualifier value="" />
    <qualifier value="" />
    <qualifier value="" />
  </query>
</managementsuite>